time,temperature,humidity,wind_speed,precipitation,PM2.5,month
2023-08-13,24.3125,70.375,11.558333333333332,0.0083333333333333,35.501666666666665,8
2023-08-14,24.17083333333333,70.45833333333333,9.925,0.0125,35.975,8
2023-08-15,24.054166666666664,66.95833333333333,10.579166666666667,0.0208333333333333,35.386666666666656,8
2023-08-16,24.925,64.08333333333333,11.083333333333334,0.0,36.17333333333333,8
2023-08-17,24.53333333333333,69.75,14.875,0.025,34.430833333333325,8
2023-08-18,24.183333333333334,68.0,18.245833333333334,0.0458333333333333,32.540000000000006,8
2023-08-19,22.766666666666666,79.95833333333333,17.220833333333335,0.3041666666666666,31.70625,8
2023-08-20,24.320833333333336,70.95833333333333,13.295833333333334,0.0333333333333333,34.84666666666667,8
2023-08-21,24.804166666666664,66.625,10.0125,0.0,36.57166666666666,8
2023-08-22,24.820833333333336,71.375,7.883333333333333,0.0333333333333333,37.682500000000005,8
2023-08-23,25.041666666666668,65.75,9.35,0.0,37.10166666666667,8
2023-08-24,24.666666666666668,64.66666666666667,10.508333333333333,0.0,36.09666666666667,8
2023-08-25,24.84166666666667,65.125,10.575,0.0,36.320416666666674,8
2023-08-26,24.433333333333334,76.08333333333333,9.9,0.1583333333333333,36.6075,8
2023-08-27,25.02916666666667,68.875,9.291666666666666,0.0041666666666666,37.265,8
2023-08-28,25.59583333333333,61.16666666666666,10.883333333333333,0.0,36.97958333333333,8
2023-08-29,25.05,68.875,11.2625,0.0291666666666666,36.50375,8
2023-08-30,24.79583333333333,70.125,9.708333333333334,0.5375,36.8575,8
2023-08-31,23.7375,79.625,7.358333333333333,0.3999999999999999,36.89666666666667,8
2023-09-01,24.25,78.875,9.366666666666664,0.4291666666666667,36.72208333333333,9
2023-09-02,23.3625,83.375,10.3375,0.3958333333333333,35.405,9
2023-09-03,23.64583333333333,70.79166666666667,13.15,0.0,34.01916666666666,9
2023-09-04,22.566666666666663,76.375,18.504166666666663,0.0499999999999999,30.75375,9
2023-09-05,22.116666666666664,80.5,14.666666666666666,0.0625,31.91,9
2023-09-06,23.1625,81.04166666666667,14.6875,0.0541666666666666,33.288333333333334,9
2023-09-07,23.21666666666667,81.08333333333333,15.6625,0.1958333333333333,32.97083333333333,9
2023-09-08,23.17083333333333,80.0,17.408333333333335,0.0875,32.15875,9
2023-09-09,23.570833333333336,78.625,15.675,0.0458333333333333,33.30333333333334,9
2023-09-10,23.641666666666666,74.95833333333333,15.308333333333332,0.0833333333333333,33.35875,9
2023-09-11,23.454166666666666,76.875,15.504166666666668,0.0666666666666666,33.13249999999999,9
2023-09-12,23.354166666666668,77.125,15.091666666666669,0.1041666666666666,33.18,9
2023-09-13,22.9125,79.875,13.829166666666666,0.1708333333333333,33.248333333333335,9
2023-09-14,22.95833333333333,81.0,15.833333333333334,0.0291666666666666,32.56249999999999,9
2023-09-15,23.054166666666664,82.0,16.783333333333335,0.1416666666666667,32.357083333333335,9
2023-09-16,23.504166666666663,78.33333333333333,17.275000000000002,0.2416666666666666,32.562083333333334,9
2023-09-17,22.2,86.33333333333333,12.9875,0.3125,32.98166666666666,9
2023-09-18,22.7125,84.08333333333333,13.079166666666667,0.1999999999999999,33.49875,9
2023-09-19,23.3625,77.08333333333333,12.016666666666666,0.0416666666666666,34.41875,9
2023-09-20,23.3125,80.66666666666667,10.3125,0.0125,35.21458333333334,9
2023-09-21,23.14583333333333,83.29166666666667,6.316666666666666,0.0083333333333333,36.727500000000006,9
2023-09-22,23.079166666666666,84.33333333333333,6.304166666666667,0.2583333333333333,36.69791666666666,9
2023-09-23,23.504166666666663,81.5,8.758333333333333,0.4708333333333334,36.12708333333333,9
2023-09-24,22.9125,82.66666666666667,11.895833333333334,0.1125,34.16125,9
2023-09-25,22.77916666666667,83.625,10.983333333333334,0.0458333333333333,34.40083333333334,9
2023-09-26,23.229166666666668,80.58333333333333,11.7125,0.075,34.54208333333333,9
2023-09-27,22.816666666666663,82.125,12.479166666666666,0.4791666666666667,33.776250000000005,9
2023-09-28,21.96666666666667,88.25,14.8125,0.3916666666666666,32.04416666666667,9
2023-09-29,22.25,84.125,18.654166666666665,0.2375,30.669583333333332,9
2023-09-30,23.104166666666668,82.25,19.54583333333333,0.1125,31.32958333333333,9
2023-10-01,22.84166666666667,81.41666666666667,19.945833333333333,0.0458333333333333,30.78666666666668,10
2023-10-02,23.391666666666666,76.0,14.270833333333334,0.0125,33.50083333333333,10
2023-10-03,23.104166666666668,76.5,9.445833333333333,0.0041666666666666,35.082083333333344,10
2023-10-04,23.491666666666664,75.375,8.370833333333334,0.0333333333333333,35.95958333333333,10
2023-10-05,23.604166666666668,75.91666666666667,6.504166666666666,0.075,36.879583333333336,10
2023-10-06,24.5,71.0,5.370833333333334,0.0625,38.251666666666665,10
2023-10-07,24.183333333333334,76.41666666666667,6.441666666666666,0.0333333333333333,37.682500000000005,10
2023-10-08,23.6,81.0,5.1875,0.6083333333333333,37.655,10
2023-10-09,22.7,87.04166666666667,5.145833333333333,0.7958333333333333,36.80375000000001,10
2023-10-10,23.3,81.70833333333333,5.166666666666667,0.0875,37.30875,10
2023-10-11,23.98333333333333,77.04166666666667,5.5625,0.0458333333333333,37.805416666666666,10
2023-10-12,23.92083333333333,64.5,10.216666666666669,0.0,35.235416666666666,10
2023-10-13,23.27083333333333,62.458333333333336,9.820833333333333,0.0,34.446666666666665,10
2023-10-14,23.808333333333334,69.375,8.566666666666666,0.0,35.99291666666667,10
2023-10-15,24.254166666666663,66.54166666666667,9.379166666666666,0.0,36.10583333333334,10
2023-10-16,24.15833333333333,74.5,10.820833333333333,0.0208333333333333,35.8025,10
2023-10-17,24.34166666666667,65.25,10.2,0.0083333333333333,35.82666666666667,10
2023-10-18,23.9875,59.708333333333336,12.15,0.0,34.30916666666667,10
2023-10-19,24.120833333333334,60.875,11.554166666666667,0.0,34.77916666666667,10
2023-10-20,24.825,59.125,12.616666666666667,0.0,35.18208333333333,10
2023-10-21,24.75,63.5,12.620833333333332,0.0,35.30166666666667,10
2023-10-22,24.71666666666667,50.91666666666666,9.866666666666667,0.0,35.73083333333334,10
2023-10-23,23.629166666666663,41.79166666666666,10.691666666666668,0.0,33.530833333333334,10
2023-10-24,23.39583333333333,41.25,9.775,0.0,33.56708333333333,10
2023-10-25,23.329166666666666,47.54166666666666,8.637500000000001,0.0,34.25,10
2023-10-26,24.04583333333333,53.875,9.904166666666669,0.0,34.99166666666667,10
2023-10-27,24.575,59.79166666666666,11.491666666666667,0.0,35.34041666666667,10
2023-10-28,24.766666666666666,67.33333333333333,11.795833333333334,0.0,35.845,10
2023-10-29,23.329166666666666,77.5,13.679166666666667,0.2541666666666666,33.73125,10
2023-10-30,23.116666666666664,78.33333333333333,11.845833333333331,0.1791666666666666,34.22999999999999,10
2023-10-31,22.65833333333333,78.375,12.6625,0.0499999999999999,33.309583333333336,10
2023-11-01,23.433333333333334,72.04166666666667,9.891666666666667,0.0541666666666666,35.10875,11
2023-11-02,23.429166666666664,77.29166666666667,12.1,0.0249999999999999,34.4825,11
2023-11-03,23.46666666666667,78.91666666666667,11.725,0.0833333333333333,34.7625,11
2023-11-04,22.39583333333333,83.5,11.608333333333334,0.5208333333333334,33.646249999999995,11
2023-11-05,22.195833333333336,85.04166666666667,8.525,0.6208333333333333,34.69666666666667,11
2023-11-06,22.266666666666666,85.5,3.9583333333333335,1.1166666666666667,36.638333333333335,11
2023-11-07,22.141666666666666,86.29166666666667,8.125,0.375,34.84875,11
2023-11-08,22.29583333333333,85.5,8.549999999999999,0.5499999999999999,34.83958333333334,11
2023-11-09,22.1,84.04166666666667,12.05,0.2666666666666666,33.11208333333333,11
2023-11-10,22.4,78.33333333333333,13.445833333333333,0.0375,32.65833333333333,11
2023-11-11,21.59166666666667,65.91666666666667,14.2125,0.0,30.680000000000007,11
2023-11-12,21.183333333333334,69.58333333333333,13.583333333333334,0.0,30.58416666666667,11
2023-11-13,21.741666666666664,67.58333333333333,14.7875,0.0,30.72833333333333,11
2023-11-14,20.84583333333333,79.41666666666667,13.695833333333333,0.0291666666666666,30.59208333333333,11
2023-11-15,21.9125,75.83333333333333,12.05,0.0416666666666666,32.45791666666666,11
2023-11-16,23.27083333333333,67.58333333333333,10.508333333333333,0.0,34.42791666666666,11
2023-11-17,23.454166666666666,71.95833333333333,12.583333333333334,0.0,34.05499999999999,11
2023-11-18,23.20833333333333,69.08333333333333,13.8,0.0,33.105000000000004,11
2023-11-19,22.629166666666663,65.70833333333333,14.0625,0.0,32.07833333333333,11
2023-11-20,22.40416666666667,75.25,14.483333333333334,0.0041666666666666,32.09458333333333,11
2023-11-21,22.820833333333336,80.625,12.15,0.1458333333333333,33.83833333333334,11
2023-11-22,22.92083333333333,83.16666666666667,9.983333333333333,0.0708333333333333,34.96208333333334,11
2023-11-23,21.925,86.04166666666667,12.8625,0.225,32.65958333333333,11
2023-11-24,22.09583333333333,82.16666666666667,14.220833333333331,0.1541666666666666,32.14458333333333,11
2023-11-25,22.241666666666664,80.5,16.8875,0.0625,31.184166666666663,11
2023-11-26,22.133333333333336,77.75,17.504166666666666,0.0291666666666666,30.65916666666667,11
2023-11-27,22.204166666666666,80.375,14.0625,0.075,32.259166666666665,11
2023-11-28,22.625,77.79166666666667,13.016666666666666,0.0291666666666666,33.095416666666665,11
2023-11-29,22.445833333333336,77.45833333333333,14.270833333333334,0.0208333333333333,32.344166666666666,11
2023-11-30,22.2,79.875,14.745833333333332,0.0083333333333333,31.955416666666665,11
2023-12-01,21.90833333333333,80.95833333333333,13.020833333333334,0.1208333333333333,32.32041666666667,12
2023-12-02,22.266666666666666,75.83333333333333,16.783333333333335,0.05,31.024999999999995,12
2023-12-03,21.925,82.16666666666667,19.17083333333333,0.1166666666666666,29.9425,12
2023-12-04,21.229166666666668,81.125,17.541666666666668,0.0,29.637500000000003,12
2023-12-05,22.554166666666664,72.66666666666667,11.4625,0.0,33.36875,12
2023-12-06,22.75,69.41666666666667,7.316666666666666,0.0,35.11916666666667,12
2023-12-07,23.204166666666666,75.625,8.875,0.0041666666666666,35.39666666666666,12
2023-12-08,22.9,79.875,9.870833333333334,0.0791666666666666,34.815416666666664,12
2023-12-09,22.683333333333334,78.08333333333333,12.066666666666668,0.0791666666666666,33.56583333333333,12
2023-12-10,22.7875,72.75,13.308333333333332,0.0,32.937916666666666,12
2023-12-11,22.3875,74.125,11.458333333333334,0.0083333333333333,33.22666666666667,12
2023-12-12,21.7625,69.08333333333333,12.25,0.0,31.845416666666665,12
2023-12-13,20.9125,69.625,13.9625,0.0,30.0825,12
2023-12-14,20.9375,72.875,13.679166666666667,0.0,30.390833333333333,12
2023-12-15,22.183333333333334,74.25,12.133333333333333,0.0,32.697500000000005,12
2023-12-16,22.20833333333333,78.08333333333333,14.891666666666666,0.0291666666666666,31.81833333333333,12
2023-12-17,21.375,79.45833333333333,16.9375,0.0083333333333333,29.985416666666666,12
2023-12-18,21.391666666666666,72.0,16.650000000000002,0.0,29.749166666666667,12
2023-12-19,20.9125,71.66666666666667,14.891666666666666,0.0,29.812916666666663,12
2023-12-20,20.991666666666667,76.125,13.870833333333332,0.0,30.547083333333333,12
2023-12-21,21.8875,75.375,11.958333333333334,0.0,32.439166666666665,12
2023-12-22,22.004166666666663,70.0,9.829166666666667,0.0,33.17375,12
2023-12-23,20.40833333333333,67.125,11.008333333333333,0.0,30.483750000000004,12
2023-12-24,21.3875,73.04166666666667,13.254166666666668,0.0,31.15416666666667,12
2023-12-25,21.704166666666666,71.54166666666667,14.566666666666668,0.0,30.96583333333333,12
2023-12-26,20.4125,63.333333333333336,12.879166666666668,0.0,29.55125,12
2023-12-27,20.67083333333333,65.83333333333333,14.7375,0.0,29.268750000000004,12
2023-12-28,21.08333333333333,72.58333333333333,14.3375,0.0,30.3025,12
2023-12-29,21.445833333333336,71.91666666666667,14.329166666666666,0.0,30.74375000000001,12
2023-12-30,21.329166666666666,69.04166666666667,13.529166666666669,0.0,30.76833333333333,12
2023-12-31,21.075,70.79166666666667,13.425,0.0,30.567083333333333,12
2024-01-01,22.025,64.08333333333333,12.845833333333331,0.0,31.698333333333338,1
2024-01-02,21.704166666666666,66.0,13.620833333333332,0.0,31.067083333333333,1
2024-01-03,21.541666666666668,69.75,12.7,0.0,31.41166666666667,1
2024-01-04,21.4375,72.33333333333333,13.4125,0.1125,31.12041666666667,1
2024-01-05,22.433333333333334,72.58333333333333,12.279166666666669,0.0416666666666666,32.880833333333335,1
2024-01-06,22.46666666666667,74.5,13.9625,0.0166666666666666,32.34666666666667,1
2024-01-07,22.02083333333333,71.04166666666667,15.3125,0.0,31.054166666666667,1
2024-01-08,20.316666666666663,88.58333333333333,16.6875,0.1208333333333333,29.16583333333333,1
2024-01-09,21.2625,75.95833333333333,18.375,0.0208333333333333,29.089166666666664,1
2024-01-10,20.8375,71.375,14.979166666666666,0.0,29.66583333333334,1
2024-01-11,21.004166666666663,67.5,14.4125,0.0,29.915416666666665,1
2024-01-12,20.8,68.625,15.616666666666667,0.0,29.22458333333334,1
2024-01-13,21.329166666666666,71.375,11.454166666666666,0.0,31.715,1
2024-01-14,21.516666666666666,68.125,12.158333333333331,0.0,31.51458333333333,1
2024-01-15,21.4125,66.54166666666667,10.833333333333334,0.0,31.83,1
2024-01-16,21.433333333333334,64.83333333333333,8.570833333333333,0.0,32.67666666666666,1
2024-01-17,21.745833333333334,63.083333333333336,9.920833333333333,0.0,32.455416666666665,1
2024-01-18,22.2625,61.79166666666666,9.5875,0.0,33.19583333333333,1
2024-01-19,22.67083333333333,65.41666666666667,11.991666666666667,0.0,32.94625,1
2024-01-20,22.375,62.04166666666666,12.541666666666666,0.0,32.17291666666667,1
2024-01-21,22.8625,59.625,10.9375,0.0,33.3275,1
2024-01-22,22.925,62.833333333333336,10.25,0.0,33.844166666666666,1
2024-01-23,22.579166666666666,63.708333333333336,9.458333333333334,0.0,33.754999999999995,1
2024-01-24,23.008333333333336,64.79166666666667,9.4375,0.0,34.37541666666667,1
2024-01-25,22.925,62.04166666666666,11.391666666666666,0.0,33.34791666666667,1
2024-01-26,21.65833333333333,61.083333333333336,13.5,0.0,30.809999999999995,1
2024-01-27,21.5375,63.16666666666666,14.333333333333334,0.0,30.42375,1
2024-01-28,21.54583333333333,65.83333333333333,14.154166666666669,0.0,30.63958333333333,1
2024-01-29,21.3375,58.54166666666666,12.041666666666666,0.0,30.84916666666667,1
2024-01-30,21.916666666666668,58.79166666666666,8.295833333333333,0.0,33.11291666666667,1
2024-01-31,23.104166666666668,60.25,9.216666666666669,0.0,34.361250000000005,1
2024-02-01,23.39583333333333,61.583333333333336,7.899999999999999,0.0,35.333749999999995,2
2024-02-02,23.879166666666663,62.54166666666666,8.108333333333333,0.0,35.92666666666667,2
2024-02-03,24.129166666666663,61.25,13.779166666666669,0.0,33.91875,2
2024-02-04,22.98333333333333,57.5,13.591666666666669,0.0,32.31666666666666,2
2024-02-05,22.9375,55.29166666666666,12.4375,0.0,32.608333333333334,2
2024-02-06,23.629166666666663,57.083333333333336,13.75,0.0,33.07208333333333,2
2024-02-07,24.45833333333333,43.04166666666666,14.454166666666667,0.0,33.16625,2
2024-02-08,24.8125,42.375,13.641666666666666,0.0,33.91833333333334,2
2024-02-09,24.39583333333333,53.66666666666666,13.833333333333334,0.0,33.86458333333333,2
2024-02-10,23.245833333333334,61.583333333333336,13.504166666666668,0.0,32.89708333333334,2
2024-02-11,22.84583333333333,61.458333333333336,14.291666666666666,0.0,32.05583333333333,2
2024-02-12,22.683333333333334,53.458333333333336,14.5125,0.0,31.356250000000003,2
2024-02-13,23.4375,59.583333333333336,14.170833333333334,0.0,32.779583333333335,2
2024-02-14,23.77083333333333,56.0,15.204166666666666,0.0,32.62041666666667,2
2024-02-15,23.17083333333333,51.66666666666666,16.045833333333334,0.0,31.28708333333334,2
2024-02-16,23.02083333333333,54.958333333333336,16.037499999999998,0.0,31.26,2
2024-02-17,24.09583333333333,42.375,14.491666666666667,0.0,32.64666666666667,2
2024-02-18,24.745833333333334,44.0,10.766666666666666,0.0,35.06291666666667,2
2024-02-19,24.3125,50.208333333333336,12.195833333333333,0.0,34.23833333333333,2
2024-02-20,25.48333333333333,45.208333333333336,9.3125,0.0,36.66375,2
2024-02-21,25.566666666666663,51.75,8.054166666666667,0.0,37.6025,2
2024-02-22,25.6875,44.708333333333336,7.529166666666666,0.0,37.61750000000001,2
2024-02-23,25.73333333333333,44.375,8.566666666666666,0.0,37.24541666666666,2
2024-02-24,25.491666666666664,62.0,10.616666666666667,0.0,36.99249999999999,2
2024-02-25,25.15,57.16666666666666,16.349999999999998,0.0,34.01333333333334,2
2024-02-26,23.8125,62.958333333333336,18.620833333333334,0.0,31.655833333333337,2
2024-02-27,24.125,62.125,14.183333333333332,0.0,33.79541666666667,2
2024-02-28,24.64583333333333,43.29166666666666,14.633333333333333,0.0,33.350833333333334,2
2024-02-29,24.383333333333336,41.875,14.470833333333331,0.0,33.003750000000004,2
2024-03-01,24.616666666666664,43.833333333333336,14.133333333333333,0.0,33.540000000000006,3
2024-03-02,25.14583333333333,41.125,12.575,0.0,34.71583333333333,3
2024-03-03,25.45833333333333,46.91666666666666,9.508333333333333,0.0,36.63833333333333,3
2024-03-04,26.58333333333333,47.958333333333336,9.058333333333334,0.0,38.33291666666666,3
2024-03-05,26.808333333333334,44.25,11.220833333333331,0.0,37.575,3
2024-03-06,27.05,41.91666666666666,8.966666666666667,0.0,38.674166666666665,3
2024-03-07,27.2125,42.875,7.933333333333334,0.0,39.34666666666667,3
2024-03-08,26.995833333333334,44.875,8.191666666666666,0.0,39.06166666666667,3
2024-03-09,27.77083333333333,44.708333333333336,10.120833333333334,0.0,39.28916666666667,3
2024-03-10,27.354166666666668,47.25,11.370833333333332,0.0,38.37458333333333,3
2024-03-11,26.979166666666668,46.04166666666666,13.025,0.0,37.165000000000006,3
2024-03-12,27.42083333333333,43.375,10.995833333333332,0.0,38.4175,3
2024-03-13,27.9375,40.29166666666666,8.424999999999999,0.0,39.96333333333334,3
2024-03-14,28.016666666666666,45.66666666666666,7.954166666666667,0.0,40.52333333333333,3
2024-03-15,28.5,46.04166666666666,11.958333333333334,0.0,39.56875000000001,3
2024-03-16,28.016666666666666,47.458333333333336,12.1625,0.0,38.92958333333333,3
2024-03-17,27.1625,48.25,13.345833333333331,0.0,37.38541666666667,3
2024-03-18,27.241666666666664,41.125,10.0,0.0,38.470416666666665,3
2024-03-19,27.05,41.54166666666666,11.0,0.0,37.842083333333335,3
2024-03-20,27.125,47.91666666666666,11.870833333333332,0.0,37.91,3
2024-03-21,25.729166666666668,55.79166666666666,13.745833333333335,0.0,35.73916666666667,3
2024-03-22,26.741666666666664,49.833333333333336,10.7625,0.0,37.95083333333333,3
2024-03-23,27.266666666666666,43.458333333333336,12.820833333333333,0.0,37.49125,3
2024-03-24,27.366666666666664,38.16666666666666,12.829166666666666,0.0,37.353333333333325,3
2024-03-25,27.60833333333333,42.083333333333336,12.95,0.0,37.815,3
2024-03-26,27.2375,40.625,13.05,0.0,37.220000000000006,3
2024-03-27,26.85,44.833333333333336,12.033333333333331,0.0,37.333333333333336,3
2024-03-28,27.879166666666663,43.75,11.529166666666669,0.0,38.81875,3
2024-03-29,28.316666666666663,40.91666666666666,12.979166666666666,0.0,38.66583333333334,3
2024-03-30,28.054166666666664,36.583333333333336,10.85,0.0,38.95958333333333,3
2024-03-31,27.39583333333333,41.958333333333336,10.175,0.0,38.642500000000005,3
2024-04-01,28.4,45.75,7.2625,0.0,41.3025,4
2024-04-02,29.129166666666663,41.208333333333336,12.075,0.0,40.098333333333336,4
2024-04-03,28.95,37.625,11.9625,0.0,39.73125,4
2024-04-04,28.92083333333333,35.541666666666664,11.475,0.0,39.78416666666666,4
2024-04-05,29.35833333333333,31.041666666666668,11.541666666666666,0.0,40.10125000000001,4
2024-04-06,29.883333333333336,32.333333333333336,12.9375,0.0,40.290000000000006,4
2024-04-07,29.391666666666666,29.70833333333333,11.725,0.0,40.004583333333336,4
2024-04-08,29.125,33.416666666666664,12.591666666666669,0.0,39.49666666666667,4
2024-04-09,28.175,41.625,15.025,0.0,37.69875,4
2024-04-10,28.2,46.91666666666666,15.1,0.0,37.965833333333336,4
2024-04-11,28.379166666666663,49.75,13.970833333333331,0.0,38.79208333333333,4
2024-04-12,27.504166666666663,58.625,15.154166666666669,0.0041666666666666,37.625,4
2024-04-13,27.84166666666667,51.25,14.2875,0.0,38.04166666666667,4
2024-04-14,27.891666666666666,41.16666666666666,13.458333333333334,0.0,37.93416666666666,4
2024-04-15,28.183333333333334,43.708333333333336,14.320833333333333,0.0,38.09541666666667,4
2024-04-16,28.85833333333333,37.5,11.695833333333333,0.0,39.7125,4
2024-04-17,29.758333333333336,35.791666666666664,10.183333333333334,0.0,41.402083333333344,4
2024-04-18,30.6625,38.75,10.116666666666667,0.0,42.75208333333333,4
2024-04-19,30.9625,38.66666666666666,10.3125,0.0,43.059583333333336,4
2024-04-20,29.90416666666667,43.79166666666666,8.025,0.0,42.855,4
2024-04-21,30.2125,41.25,11.8625,0.0,41.59375000000001,4
2024-04-22,29.925,33.125,9.55,0.0,41.73875,4
2024-04-23,29.79583333333333,35.083333333333336,12.766666666666666,0.0,40.38208333333333,4
2024-04-24,29.954166666666666,32.833333333333336,12.204166666666666,0.0,40.70041666666666,4
2024-04-25,30.05416666666667,35.5,12.2,0.0,40.96541666666667,4
2024-04-26,30.079166666666666,35.291666666666664,12.895833333333334,0.0,40.70916666666667,4
2024-04-27,29.75,35.083333333333336,11.1375,0.0,40.97416666666668,4
2024-04-28,30.55,38.0,12.1625,0.0,41.75,4
2024-04-29,30.366666666666664,38.79166666666666,10.845833333333331,0.0,42.07791666666667,4
2024-04-30,30.754166666666663,40.0,11.195833333333333,0.0,42.50208333333334,4
2024-05-01,31.704166666666666,44.29166666666666,8.4125,0.0,45.065,5
2024-05-02,31.17083333333333,44.66666666666666,9.220833333333331,0.0249999999999999,44.067083333333336,5
2024-05-03,28.77916666666667,63.54166666666666,10.266666666666667,0.0083333333333333,41.48333333333333,5
2024-05-04,29.495833333333334,55.458333333333336,11.595833333333331,0.0041666666666666,41.47916666666666,5
2024-05-05,30.03333333333333,48.0,12.6625,0.0,41.37833333333333,5
2024-05-06,30.4,48.66666666666666,8.929166666666667,0.0,43.38166666666667,5
2024-05-07,28.60833333333333,57.41666666666666,8.950000000000001,0.2583333333333333,41.48166666666667,5
2024-05-08,27.754166666666663,53.875,8.174999999999999,0.0041666666666666,40.50416666666666,5
2024-05-09,26.95833333333333,62.79166666666666,6.754166666666666,0.1875,40.48375,5
2024-05-10,26.4375,64.54166666666667,7.216666666666666,0.25,39.70916666666666,5
2024-05-11,27.39583333333333,59.583333333333336,8.345833333333333,0.0249999999999999,40.25541666666667,5
2024-05-12,25.991666666666664,70.91666666666667,6.816666666666666,0.3833333333333333,39.60833333333333,5
2024-05-13,26.2,67.75,7.470833333333332,0.0375,39.45916666666668,5
2024-05-14,24.89583333333333,77.66666666666667,6.916666666666667,0.6791666666666667,38.48125,5
2024-05-15,25.991666666666664,68.70833333333333,10.066666666666666,0.0375,38.19791666666667,5
2024-05-16,24.225,78.08333333333333,6.791666666666667,0.3291666666666666,37.68,5
2024-05-17,24.141666666666666,83.75,6.116666666666667,0.4125,38.125,5
2024-05-18,23.954166666666666,85.04166666666667,4.754166666666666,0.8833333333333333,38.490833333333335,5
2024-05-19,24.46666666666667,83.41666666666667,3.6041666666666665,0.3083333333333333,39.535833333333336,5
2024-05-20,23.4875,86.5,6.216666666666668,1.2083333333333333,37.372083333333336,5
2024-05-21,24.225,85.04166666666667,8.174999999999999,0.2791666666666667,37.47458333333333,5
2024-05-22,24.73333333333333,82.625,9.8375,0.5375,37.349583333333335,5
2024-05-23,25.979166666666668,76.70833333333333,7.3,0.0291666666666666,39.68833333333333,5
2024-05-24,24.575,85.25,9.595833333333331,0.1666666666666666,37.37166666666667,5
2024-05-25,24.979166666666668,69.83333333333333,17.404166666666665,0.0,34.00291666666667,5
2024-05-26,24.5,71.20833333333333,18.09583333333333,0.0999999999999999,33.17208333333333,5
2024-05-27,25.566666666666663,69.75,18.241666666666667,0.0,34.427499999999995,5
2024-05-28,25.491666666666664,72.66666666666667,16.308333333333334,0.0,35.24916666666666,5
2024-05-29,26.391666666666666,68.125,14.3625,0.0083333333333333,36.970416666666665,5
2024-05-30,25.933333333333334,73.54166666666667,12.9375,0.1,37.21541666666667,5
2024-05-31,26.508333333333336,71.75,12.583333333333334,0.0833333333333333,38.01500000000001,5
2024-06-01,25.4375,83.95833333333333,8.983333333333333,1.2791666666666666,38.67333333333333,6
2024-06-02,25.316666666666663,79.33333333333333,6.575,0.2833333333333333,39.248333333333335,6
2024-06-03,24.4875,81.83333333333333,8.708333333333334,0.025,37.442083333333336,6
2024-06-04,24.495833333333334,81.5,7.483333333333333,0.2958333333333333,37.92625,6
2024-06-05,23.741666666666664,86.20833333333333,7.016666666666667,0.8666666666666667,37.367916666666666,6
2024-06-06,23.47083333333333,87.83333333333333,8.391666666666667,0.4291666666666667,36.54708333333333,6
2024-06-07,23.179166666666664,85.79166666666667,13.408333333333331,0.2208333333333333,34.05916666666667,6
2024-06-08,23.6125,80.20833333333333,17.645833333333332,0.0791666666666666,32.64833333333334,6
2024-06-09,23.454166666666666,79.95833333333333,20.27083333333333,0.1374999999999999,31.379999999999995,6
2024-06-10,23.6875,79.29166666666667,19.83333333333333,0.0916666666666666,31.825,6
2024-06-11,23.4625,81.79166666666667,19.54583333333333,0.025,31.7725,6
2024-06-12,22.7875,82.875,16.908333333333335,0.2875,32.00416666666666,6
2024-06-13,23.104166666666668,81.91666666666667,16.854166666666668,0.1291666666666666,32.389583333333334,6
2024-06-14,23.7375,74.5,14.408333333333331,0.0,33.82041666666667,6
2024-06-15,24.20833333333333,70.45833333333333,13.5125,0.0,34.58875,6
2024-06-16,23.84583333333333,77.91666666666667,14.3625,0.0416666666666666,34.15041666666666,6
2024-06-17,24.179166666666664,77.58333333333333,12.416666666666666,0.0249999999999999,35.345416666666665,6
2024-06-18,23.575,81.875,13.816666666666668,0.1833333333333333,34.21458333333334,6
2024-06-19,23.29583333333333,84.29166666666667,14.2,0.225,33.81916666666667,6
2024-06-20,23.316666666666663,78.41666666666667,17.233333333333334,0.0249999999999999,32.33916666666667,6
2024-06-21,23.166666666666668,81.125,16.8,0.1375,32.452916666666674,6
2024-06-22,23.579166666666666,77.75,15.091666666666669,0.0791666666666666,33.50375,6
2024-06-23,23.8875,75.58333333333333,19.08333333333333,0.0666666666666666,32.19958333333334,6
2024-06-24,23.5375,78.16666666666667,19.629166666666663,0.1708333333333333,31.655416666666667,6
2024-06-25,23.5125,80.29166666666667,21.604166666666668,0.0666666666666666,30.939166666666665,6
2024-06-26,23.291666666666668,80.125,23.975,0.0916666666666666,29.69541666666667,6
2024-06-27,22.258333333333336,86.54166666666667,20.64583333333333,0.2583333333333333,30.004583333333336,6
2024-06-28,23.72083333333333,75.95833333333333,17.945833333333333,0.0291666666666666,32.45666666666666,6
2024-06-29,23.879166666666663,78.04166666666667,15.204166666666666,0.0416666666666666,33.86333333333333,6
2024-06-30,23.4125,83.29166666666667,15.075,0.0583333333333333,33.57083333333333,6
2024-07-01,22.78333333333333,85.16666666666667,17.5125,0.375,31.871666666666663,7
2024-07-02,23.945833333333336,75.45833333333333,19.025,0.0041666666666666,32.292500000000004,7
2024-07-03,23.1375,82.54166666666667,15.9,0.4333333333333333,32.84583333333333,7
2024-07-04,22.445833333333336,83.16666666666667,13.679166666666667,0.1583333333333333,32.86625000000001,7
2024-07-05,23.054166666666664,82.83333333333333,17.179166666666667,0.5208333333333334,32.24041666666666,7
2024-07-06,22.52916666666667,80.29166666666667,19.125,0.0125,30.652500000000003,7
2024-07-07,23.354166666666668,77.33333333333333,17.541666666666668,0.0416666666666666,32.21041666666667,7
2024-07-08,23.04583333333333,79.20833333333333,17.383333333333333,0.3458333333333334,31.96666666666667,7
2024-07-09,23.229166666666668,75.33333333333333,16.962500000000002,0.0083333333333333,32.17958333333334,7
2024-07-10,23.370833333333334,79.16666666666667,14.045833333333334,0.1666666666666666,33.72208333333334,7
2024-07-11,23.0125,79.95833333333333,13.908333333333331,0.0499999999999999,33.350833333333334,7
2024-07-12,22.8625,85.45833333333333,16.204166666666666,0.7250000000000001,32.5125,7
2024-07-13,22.6375,81.54166666666667,19.89583333333333,0.05,30.547500000000003,7
2024-07-14,22.354166666666668,82.29166666666667,22.066666666666663,0.0625,29.348333333333336,7
2024-07-15,21.6125,90.45833333333331,22.475,0.8083333333333332,28.629166666666663,7
2024-07-16,21.695833333333336,89.16666666666667,21.616666666666664,0.6333333333333334,29.016250000000007,7
2024-07-17,22.041666666666668,86.875,21.429166666666664,0.175,29.426250000000003,7
2024-07-18,22.016666666666666,87.08333333333333,23.966666666666665,0.4333333333333333,28.389166666666668,7
2024-07-19,20.916666666666668,92.25,24.27916666666667,0.5375,27.0925,7
2024-07-20,22.0875,83.41666666666667,24.329166666666666,0.1125,28.15291666666667,7
2024-07-21,22.7875,79.5,26.0125,0.0458333333333333,28.193749999999994,7
2024-07-22,23.08333333333333,76.375,24.391666666666666,0.0583333333333333,29.070416666666667,7
2024-07-23,23.1875,78.41666666666667,23.175,0.0916666666666666,29.79458333333333,7
2024-07-24,23.066666666666663,77.625,22.7,0.0666666666666666,29.787916666666668,7
2024-07-25,22.879166666666663,79.95833333333333,25.2,0.0916666666666666,28.660833333333336,7
2024-07-26,23.0375,78.95833333333333,25.166666666666668,0.0916666666666666,28.82999999999999,7
2024-07-27,23.041666666666668,71.83333333333333,25.191666666666663,0.025,28.469166666666663,7
2024-07-28,22.77916666666667,76.54166666666667,25.070833333333336,0.0083333333333333,28.41166666666667,7
2024-07-29,23.275,81.95833333333333,21.35833333333333,0.175,30.812083333333334,7
2024-07-30,20.98333333333333,93.66666666666669,18.67083333333333,0.4666666666666666,29.493333333333336,7
2024-07-31,22.008333333333336,88.70833333333333,16.483333333333334,0.4499999999999999,31.452916666666678,7
2024-08-01,22.370833333333334,85.625,17.275000000000002,0.1791666666666666,31.45333333333333,8
2024-08-02,22.433333333333334,83.91666666666667,18.79583333333333,0.1333333333333333,30.84083333333333,8
2024-08-03,22.183333333333334,85.5,16.708333333333332,0.3166666666666667,31.430000000000003,8
2024-08-04,23.025,80.75,14.175,0.0833333333333333,33.300000000000004,8
2024-08-05,22.820833333333336,84.625,10.45,0.0875,34.71833333333334,8
2024-08-06,22.21666666666667,88.41666666666667,10.091666666666669,0.425,34.26583333333333,8
2024-08-07,21.691666666666663,88.45833333333333,11.3875,0.1125,33.067083333333336,8
2024-08-08,22.370833333333334,84.58333333333333,12.591666666666669,0.8875000000000001,33.27458333333333,8
2024-08-09,23.166666666666668,82.70833333333333,10.3625,0.5458333333333333,35.107083333333335,8
2024-08-10,22.825,84.375,10.908333333333331,0.5541666666666667,34.52791666666667,8
2024-08-11,23.479166666666668,81.5,10.433333333333334,0.125,35.42458333333334,8
2024-08-12,23.9125,80.25,8.283333333333333,0.4833333333333333,36.78541666666667,8
2024-08-13,23.716666666666665,82.5,6.308333333333334,0.1458333333333333,37.43333333333333,8
2024-08-14,24.633333333333336,77.375,7.025,0.0625,38.08208333333334,8
2024-08-15,24.475,78.5,5.495833333333334,0.0833333333333333,38.54416666666667,8
2024-08-16,23.5625,85.29166666666667,4.275,0.5666666666666667,38.185833333333335,8
2024-08-17,23.691666666666663,83.79166666666667,5.120833333333333,0.1416666666666666,37.94041666666667,8
2024-08-18,24.308333333333334,78.875,4.9875,0.1291666666666666,38.54958333333334,8
2024-08-19,23.25,86.5,4.404166666666667,0.6,37.78833333333334,8
2024-08-20,23.575,85.16666666666667,6.916666666666667,0.8250000000000001,37.13916666666667,8
2024-08-21,23.03333333333333,82.54166666666667,16.583333333333332,0.0458333333333333,32.437083333333334,8
2024-08-22,23.0,78.5,16.133333333333333,0.0166666666666666,32.37166666666667,8
2024-08-23,23.104166666666668,79.33333333333333,15.35,0.0041666666666666,32.86208333333334,8
2024-08-24,22.729166666666668,80.5,20.429166666666667,0.1583333333333333,30.401250000000005,8
2024-08-25,22.541666666666668,79.5,21.25,0.0416666666666666,29.77916666666667,8
2024-08-26,22.97083333333333,77.375,19.979166666666668,0.0458333333333333,30.739166666666662,8
2024-08-27,22.666666666666668,80.04166666666667,16.170833333333334,0.075,32.000416666666666,8
2024-08-28,22.120833333333334,82.33333333333333,17.3625,0.0541666666666666,30.92875,8
2024-08-29,21.8625,87.33333333333333,17.583333333333332,0.3916666666666666,30.754583333333336,8
2024-08-30,21.71666666666667,88.0,16.533333333333335,0.1708333333333333,31.01833333333333,8
2024-08-31,21.554166666666664,88.75,17.962500000000002,0.1833333333333333,30.27291666666666,8
2024-09-01,22.3375,83.95833333333333,17.433333333333334,0.2208333333333333,31.26333333333334,9
2024-09-02,22.6875,84.0,16.504166666666666,0.1708333333333333,32.092083333333335,9
2024-09-03,23.0375,80.0,17.183333333333334,0.0583333333333333,32.07541666666666,9
2024-09-04,23.20833333333333,78.54166666666667,17.316666666666666,0.0208333333333333,32.17125,9
2024-09-05,23.1625,79.04166666666667,16.75,0.0208333333333333,32.36333333333333,9
2024-09-06,22.604166666666668,81.83333333333333,15.0125,0.0666666666666666,32.47208333333333,9
2024-09-07,22.495833333333334,84.0,16.229166666666668,0.4958333333333333,31.952916666666667,9
2024-09-08,22.258333333333336,84.29166666666667,18.754166666666663,0.1083333333333333,30.648750000000007,9
2024-09-09,22.67083333333333,82.58333333333333,18.65,0.2541666666666666,31.14125,9
2024-09-10,23.2,78.375,20.620833333333334,0.075,30.830416666666665,9
2024-09-11,23.258333333333336,77.20833333333333,17.679166666666667,0.0291666666666666,32.02458333333334,9
2024-09-12,23.179166666666664,75.625,14.9875,0.0291666666666666,32.919166666666655,9
2024-09-13,23.09583333333333,73.625,12.970833333333331,0.0,33.5175,9
2024-09-14,22.9875,75.79166666666667,12.116666666666667,0.0375,33.82666666666667,9
2024-09-15,23.133333333333336,75.0,13.0625,0.025,33.598333333333336,9
2024-09-16,22.825000000000003,76.58333333333333,14.195833333333333,0.0291666666666666,32.82333333333334,9
2024-09-17,22.933333333333334,76.375,14.233333333333334,0.0166666666666666,32.93875,9
2024-09-18,22.8125,65.41666666666667,10.933333333333332,0.0,33.55375,9
2024-09-19,23.2,70.75,10.1,0.0249999999999999,34.6575,9
2024-09-20,23.7125,70.25,9.8875,0.0041666666666666,35.383750000000006,9
2024-09-21,24.129166666666663,69.0,13.5875,0.05,34.38291666666667,9
2024-09-22,23.820833333333336,72.54166666666667,13.195833333333333,0.0125,34.315833333333345,9
2024-09-23,23.4875,80.08333333333333,14.566666666666668,0.2208333333333333,33.71125,9
2024-09-24,22.975,83.83333333333333,16.65,0.2541666666666666,32.39916666666667,9
2024-09-25,23.141666666666666,79.95833333333333,16.275000000000002,0.0333333333333333,32.572083333333325,9
2024-09-26,23.54583333333333,76.20833333333333,14.0875,0.0249999999999999,33.785,9
2024-09-27,23.241666666666664,80.16666666666667,9.858333333333333,0.0625,35.27916666666666,9
2024-09-28,23.241666666666664,81.66666666666667,7.354166666666667,0.3,36.35583333333334,9
2024-09-29,23.979166666666668,78.04166666666667,7.008333333333333,0.0541666666666666,37.27166666666667,9
2024-09-30,24.4125,73.0,8.320833333333333,0.0041666666666666,37.05791666666666,9
2024-10-01,24.979166666666668,70.95833333333333,6.091666666666666,0.0166666666666666,38.58416666666667,10
2024-10-02,23.79583333333333,80.45833333333333,8.3125,0.55,36.63250000000001,10
2024-10-03,23.35,81.66666666666667,9.154166666666669,0.0333333333333333,35.776666666666664,10
2024-10-04,23.5,82.20833333333333,9.2125,0.6208333333333333,35.97541666666667,10
2024-10-05,22.308333333333334,86.58333333333333,7.962499999999999,0.1708333333333333,35.14500000000001,10
2024-10-06,23.15833333333333,76.5,7.133333333333333,0.0,36.0775,10
2024-10-07,23.0625,78.79166666666667,11.045833333333334,0.0458333333333333,34.5025,10
2024-10-08,23.2,81.625,9.029166666666669,0.4583333333333333,35.62958333333333,10
2024-10-09,23.141666666666666,81.70833333333333,9.883333333333333,0.1999999999999999,35.216249999999995,10
2024-10-10,22.7625,84.0,8.483333333333333,0.2708333333333333,35.39791666666666,10
2024-10-11,22.8375,83.66666666666667,10.283333333333331,0.2291666666666666,34.758750000000006,10
2024-10-12,23.079166666666666,82.54166666666667,10.779166666666669,0.2791666666666667,34.818333333333335,10
2024-10-13,22.97083333333333,81.33333333333333,10.85,0.0666666666666666,34.58874999999999,10
2024-10-14,21.0625,92.08333333333331,8.0375,1.125,33.77041666666667,10
2024-10-15,21.0125,92.41666666666669,7.95,0.8875000000000001,33.757083333333334,10
2024-10-16,20.829166666666666,92.70833333333331,6.175,0.4541666666666666,34.24333333333334,10
2024-10-17,22.675,82.66666666666667,9.85,0.0333333333333333,34.670833333333334,10
2024-10-18,22.075,87.0,7.095833333333334,0.3499999999999999,35.20916666666666,10
2024-10-19,21.35833333333333,89.58333333333333,4.9875,0.6958333333333333,35.25,10
2024-10-20,21.766666666666666,89.20833333333333,6.341666666666666,0.5416666666666666,35.220416666666665,10
2024-10-21,21.875,88.25,5.920833333333333,0.7374999999999999,35.48166666666667,10
2024-10-22,22.179166666666664,86.54166666666667,4.533333333333333,1.2083333333333333,36.34666666666666,10
2024-10-23,22.33333333333333,85.83333333333333,5.058333333333334,0.775,36.30166666666666,10
2024-10-24,21.491666666666664,84.95833333333333,4.791666666666667,0.0375,35.27041666666666,10
2024-10-25,21.808333333333334,75.70833333333333,6.679166666666667,0.0,34.46458333333334,10
2024-10-26,21.366666666666664,72.29166666666667,9.170833333333333,0.0,32.72291666666666,10
2024-10-27,21.258333333333333,75.16666666666667,7.283333333333334,0.0,33.48083333333334,10
2024-10-28,22.025,75.66666666666667,5.875,0.0,35.06583333333334,10
2024-10-29,22.491666666666664,75.33333333333333,6.454166666666667,0.0166666666666666,35.424166666666665,10
2024-10-30,22.329166666666666,81.0,4.395833333333333,0.0458333333333333,36.31958333333333,10
2024-10-31,22.570833333333336,82.79166666666667,4.4375,0.1875,36.70666666666667,10
2024-11-01,22.09583333333333,85.25,6.4625,0.3208333333333333,35.40208333333333,11
2024-11-02,22.129166666666663,82.20833333333333,10.333333333333334,0.05,33.745000000000005,11
2024-11-03,22.304166666666664,80.70833333333333,10.8875,0.0291666666666666,33.67583333333333,11
2024-11-04,22.02083333333333,79.04166666666667,11.604166666666666,0.0416666666666666,32.9375,11
2024-11-05,21.679166666666664,69.25,10.654166666666669,0.0,32.38374999999999,11
2024-11-06,22.683333333333334,67.41666666666667,11.091666666666669,0.0041666666666666,33.4225,11
2024-11-07,22.258333333333336,78.5,12.408333333333331,0.0541666666666666,32.89750000000001,11
2024-11-08,22.71666666666667,71.79166666666667,12.433333333333335,0.0,33.14791666666667,11
2024-11-09,21.97083333333333,68.16666666666667,11.554166666666667,0.0,32.348749999999995,11
2024-11-10,21.8375,69.75,10.925,0.0166666666666666,32.50625000000001,11
2024-11-11,22.475,62.25,11.0625,0.0,32.905,11
2024-11-12,22.4,79.16666666666667,12.870833333333332,0.0416666666666666,32.93000000000001,11
2024-11-13,22.2,85.0,12.379166666666668,0.4083333333333334,33.15833333333333,11
2024-11-14,21.85,87.16666666666667,10.954166666666666,0.25,33.38166666666666,11
2024-11-15,22.025,86.45833333333333,10.579166666666667,0.4166666666666667,33.72375,11
2024-11-16,21.9625,85.75,12.316666666666668,0.1416666666666667,32.912083333333335,11
2024-11-17,22.52083333333333,79.5,11.629166666666668,0.0208333333333333,33.60041666666666,11
2024-11-18,22.266666666666666,76.33333333333333,11.258333333333333,0.0041666666666666,33.260000000000005,11
2024-11-19,21.916666666666668,72.75,11.195833333333333,0.0,32.65083333333334,11
2024-11-20,22.025,71.41666666666667,10.233333333333333,0.0,33.11000000000001,11
2024-11-21,21.866666666666664,68.70833333333333,8.191666666666666,0.0,33.58541666666666,11
2024-11-22,21.745833333333334,69.20833333333333,9.504166666666666,0.0,32.928333333333335,11
2024-11-23,22.375,67.91666666666667,8.391666666666667,0.0,34.126666666666665,11
2024-11-24,22.95,64.91666666666667,9.183333333333334,0.0,34.4075,11
2024-11-25,22.079166666666666,68.75,10.391666666666667,0.0,32.98375,11
2024-11-26,21.7,74.83333333333333,14.35,0.0,31.211666666666662,11
2024-11-27,21.4875,71.79166666666667,13.566666666666668,0.0,31.09666666666667,11
2024-11-28,21.3625,58.66666666666666,13.733333333333334,0.0,30.21125,11
2024-11-29,21.89583333333333,69.58333333333333,14.333333333333334,0.0333333333333333,31.210416666666667,11
2024-11-30,21.0,83.875,16.295833333333334,0.0208333333333333,29.975416666666668,11
2024-12-01,21.441666666666663,88.91666666666667,16.825,0.5708333333333333,30.59,12
2024-12-02,21.14583333333333,94.04166666666669,12.125,1.2166666666666666,32.34166666666666,12
2024-12-03,22.116666666666664,88.20833333333333,9.983333333333333,0.1916666666666666,34.16875,12
2024-12-04,21.825,83.79166666666667,9.629166666666666,0.0,33.71041666666667,12
2024-12-05,22.15833333333333,84.875,9.1,0.0333333333333333,34.40958333333333,12
2024-12-06,22.4875,80.625,7.975,0.0,35.075,12
2024-12-07,22.079166666666666,83.08333333333333,7.416666666666667,0.0249999999999999,34.89041666666667,12
2024-12-08,21.854166666666668,77.875,7.712499999999999,0.0,34.219166666666666,12
2024-12-09,22.375,76.04166666666667,6.758333333333333,0.0041666666666666,35.18625,12
2024-12-10,22.479166666666668,72.83333333333333,10.533333333333331,0.0,33.651250000000005,12
2024-12-11,21.854166666666668,76.33333333333333,12.870833333333332,0.0333333333333333,32.07875000000001,12
2024-12-12,20.304166666666667,93.08333333333331,13.908333333333331,0.8500000000000001,30.486250000000005,12
2024-12-13,21.066666666666663,85.16666666666667,12.55,0.0541666666666666,31.625,12
2024-12-14,20.4875,78.16666666666667,11.195833333333333,0.0,31.06375000000001,12
2024-12-15,19.141666666666666,77.0,9.816666666666666,0.0,29.8075,12
2024-12-16,19.120833333333334,76.91666666666667,8.716666666666667,0.0,30.21625,12
2024-12-17,20.829166666666666,76.08333333333333,7.962499999999999,0.0,32.69708333333334,12
2024-12-18,21.916666666666668,77.33333333333333,9.508333333333333,0.0125,33.555,12
2024-12-19,22.816666666666663,75.04166666666667,8.0125,0.0125,35.20875,12
2024-12-20,22.7,77.29166666666667,7.416666666666667,0.0041666666666666,35.407916666666665,12
2024-12-21,23.054166666666664,72.45833333333333,5.1875,0.0,36.51833333333333,12
2024-12-22,22.754166666666663,74.83333333333333,5.854166666666667,0.0,35.98041666666666,12
2024-12-23,22.291666666666668,69.83333333333333,6.125,0.0,35.02083333333333,12
2024-12-24,22.191666666666663,65.0,6.695833333333333,0.0,34.420833333333334,12
2024-12-25,22.191666666666663,72.95833333333333,8.004166666666666,0.0458333333333333,34.29541666666667,12
2024-12-26,22.2,80.875,13.820833333333333,0.1041666666666666,32.375416666666666,12
2024-12-27,20.775,85.0,14.325,0.0708333333333333,30.527500000000003,12
2024-12-28,21.066666666666663,76.08333333333333,11.245833333333332,0.0,31.692500000000003,12
2024-12-29,21.3125,71.0,11.145833333333334,0.0,31.797916666666666,12
2024-12-30,21.129166666666663,72.75,13.079166666666666,0.0,30.87375,12
2024-12-31,21.3875,66.875,12.9625,0.0,30.9625,12
2025-01-01,20.804166666666667,69.45833333333333,11.383333333333333,0.0,30.965,1
2025-01-02,20.45833333333333,69.625,10.904166666666669,0.0,30.715416666666663,1
2025-01-03,19.97083333333333,69.29166666666667,11.058333333333332,0.0,30.003333333333337,1
2025-01-04,19.791666666666668,69.41666666666667,10.020833333333334,0.0,30.19166666666667,1
2025-01-05,20.191666666666663,67.875,9.404166666666669,0.0,30.88125,1
2025-01-06,20.525,64.625,7.891666666666667,0.0,31.757083333333338,1
2025-01-07,21.266666666666666,62.625,8.379166666666666,0.0,32.42625,1
2025-01-08,20.620833333333334,60.04166666666666,10.345833333333331,0.0,30.67083333333333,1
2025-01-09,20.070833333333333,68.375,13.379166666666668,0.0,29.159166666666668,1
2025-01-10,20.945833333333333,72.375,12.65,0.0,30.78833333333333,1
2025-01-11,21.67083333333333,72.875,11.041666666666666,0.0,32.39916666666667,1
2025-01-12,22.0375,73.33333333333333,11.1125,0.0,32.870416666666664,1
2025-01-13,22.479166666666668,75.29166666666667,12.483333333333334,0.0333333333333333,32.99416666666667,1
2025-01-14,21.48333333333333,73.875,13.8,0.0041666666666666,31.102083333333336,1
2025-01-15,20.3,73.70833333333333,13.433333333333332,0.0083333333333333,29.70208333333333,1
2025-01-16,20.85833333333333,70.5,12.729166666666666,0.0,30.549166666666665,1
2025-01-17,20.591666666666665,71.375,12.245833333333332,0.0,30.43958333333333,1
2025-01-18,21.575,64.95833333333333,11.875,0.0,31.545416666666668,1
2025-01-19,19.75,87.5,10.375,0.25,30.9,1
2025-01-20,21.1375,66.29166666666667,9.354166666666666,0.0,32.05166666666667,1
2025-01-21,20.791666666666668,54.29166666666666,10.158333333333331,0.0,30.68041666666667,1
2025-01-22,21.741666666666664,63.29166666666666,10.570833333333333,0.0,32.20041666666666,1
2025-01-23,22.3375,62.958333333333336,10.091666666666669,0.0,33.15,1
2025-01-24,21.0875,62.125,9.420833333333333,0.0,31.75166666666667,1
2025-01-25,21.445833333333336,58.79166666666666,10.3,0.0,31.699166666666677,1
2025-01-26,21.73333333333333,47.5,11.929166666666667,0.0,30.856666666666666,1
2025-01-27,21.304166666666667,53.875,9.616666666666667,0.0,31.5425,1
2025-01-28,21.2375,56.333333333333336,9.2125,0.0,31.74041666666667,1
2025-01-29,21.945833333333336,59.708333333333336,10.433333333333334,0.0,32.34166666666667,1
2025-01-30,22.766666666666666,65.16666666666667,8.279166666666667,0.0,34.54333333333334,1
2025-01-31,24.22083333333333,63.125,9.295833333333333,0.0,35.925,1
2025-02-01,24.329166666666666,52.958333333333336,9.45,0.0,35.49583333333334,2
2025-02-02,23.7125,47.29166666666666,8.491666666666667,0.0,34.79416666666667,2
2025-02-03,23.4375,42.79166666666666,9.45,0.0,33.82833333333333,2
2025-02-04,23.9,39.833333333333336,9.7,0.0,34.181666666666665,2
2025-02-05,23.758333333333336,42.458333333333336,11.491666666666667,0.0,33.41208333333334,2
2025-02-06,23.27083333333333,42.16666666666666,10.258333333333333,0.0,33.257083333333334,2
2025-02-07,23.4,41.0,10.658333333333331,0.0,33.20666666666667,2
2025-02-08,23.579166666666666,47.0,11.4875,0.0,33.407916666666665,2
2025-02-09,23.391666666666666,53.04166666666666,11.616666666666667,0.0,33.41458333333333,2
2025-02-10,22.683333333333334,54.66666666666666,9.583333333333334,0.0,33.38833333333333,2
2025-02-11,23.28333333333333,44.79166666666666,9.170833333333333,0.0,33.83958333333334,2
2025-02-12,24.325,32.833333333333336,9.866666666666667,0.0,34.3175,2
2025-02-13,24.975,32.375,10.141666666666667,0.0,35.029583333333335,2
2025-02-14,25.325,31.83333333333333,7.858333333333333,0.0,36.37083333333334,2
2025-02-15,25.2375,37.375,9.075,0.0,36.0475,2
2025-02-16,24.9,41.54166666666666,9.829166666666667,0.0,35.51541666666667,2
2025-02-17,24.641666666666666,44.0,9.954166666666667,0.0,35.2525,2
2025-02-18,24.89583333333333,43.833333333333336,9.779166666666669,0.0,35.64458333333334,2
2025-02-19,25.704166666666666,43.083333333333336,9.275,0.0,36.85958333333333,2
2025-02-20,25.5625,45.25,10.0,0.0,36.493750000000006,2
2025-02-21,25.320833333333336,46.16666666666666,10.779166666666669,0.0,35.91375,2
2025-02-22,25.52083333333333,44.66666666666666,10.379166666666666,0.0,36.258750000000006,2
2025-02-23,25.40833333333333,39.208333333333336,12.3875,0.0,35.036249999999995,2
2025-02-24,24.34166666666667,41.5,13.341666666666669,0.0,33.38250000000001,2
2025-02-25,23.72083333333333,48.54166666666666,13.016666666666666,0.0,33.057500000000005,2
2025-02-26,24.308333333333334,42.29166666666666,15.329166666666666,0.0,32.58375,2
2025-02-27,24.0875,42.833333333333336,12.908333333333331,0.0,33.29208333333334,2
2025-02-28,24.5375,51.66666666666666,12.408333333333331,0.0,34.51875,2
2025-03-01,24.77083333333333,62.79166666666666,12.195833333333333,0.0,35.46333333333334,3
2025-03-02,25.879166666666663,52.958333333333336,9.241666666666667,0.0,37.594166666666666,3
2025-03-03,26.941666666666663,41.29166666666666,9.858333333333333,0.0,38.14541666666666,3
2025-03-04,27.183333333333334,33.125,11.545833333333334,0.0,37.376250000000006,3
2025-03-05,27.5625,31.416666666666668,8.487499999999999,0.0,39.00708333333334,3
2025-03-06,27.204166666666666,33.583333333333336,7.258333333333333,0.0,39.14125,3
2025-03-07,26.7625,28.0,7.3625,0.0,38.24625,3
2025-03-08,26.71666666666667,34.541666666666664,7.370833333333334,0.0,38.51041666666667,3
2025-03-09,26.025,43.79166666666666,12.729166666666666,0.0,35.930416666666666,3
2025-03-10,24.4625,51.66666666666666,13.125,0.0,34.13458333333334,3
2025-03-11,23.479166666666668,68.20833333333333,13.658333333333331,0.1041666666666666,33.47,3
2025-03-12,24.5,69.29166666666667,9.720833333333331,0.0958333333333333,36.42625,3
2025-03-13,26.6125,44.29166666666666,9.345833333333331,0.0,38.072500000000005,3
2025-03-14,27.391666666666666,37.875,10.7125,0.0,38.21791666666667,3
2025-03-15,26.72083333333333,35.666666666666664,10.533333333333331,0.0,37.30708333333333,3
2025-03-16,26.78333333333333,49.708333333333336,9.620833333333334,0.0,38.455416666666665,3
2025-03-17,27.179166666666664,53.41666666666666,4.7375,0.0,41.10874999999999,3
2025-03-18,27.8125,46.16666666666666,9.845833333333331,0.0,39.52625,3
2025-03-19,26.84166666666667,54.25,10.716666666666669,0.0,38.32,3
2025-03-20,26.40416666666667,52.25,11.204166666666666,0.0,37.45625,3
2025-03-21,26.89583333333333,54.25,8.920833333333333,0.0,39.10874999999999,3
2025-03-22,24.3125,72.91666666666667,6.3500000000000005,0.9916666666666668,37.71208333333334,3
2025-03-23,23.954166666666666,74.79166666666667,6.154166666666666,0.0041666666666666,37.41833333333334,3
2025-03-24,24.65416666666667,68.08333333333333,8.070833333333333,0.0,37.22625000000001,3
2025-03-25,25.141666666666666,57.375,6.895833333333333,0.0,37.794583333333335,3
2025-03-26,26.695833333333336,44.16666666666666,6.629166666666666,0.0,39.26125000000001,3
2025-03-27,27.629166666666663,40.25,7.920833333333333,0.0,39.76208333333334,3
2025-03-28,28.0125,39.75,8.762500000000001,0.0,39.89874999999999,3
2025-03-29,28.27916666666667,30.45833333333333,9.645833333333334,0.0,39.4275,3
2025-03-30,27.995833333333334,27.625,10.745833333333332,0.0,38.477500000000006,3
2025-03-31,27.495833333333334,37.625,9.929166666666664,0.0,38.65416666666668,3
2025-04-01,26.14583333333333,52.833333333333336,9.3,0.0,37.91125,4
2025-04-02,26.40416666666667,57.833333333333336,9.2625,0.0208333333333333,38.51208333333334,4
2025-04-03,24.916666666666668,70.16666666666667,5.204166666666667,0.3166666666666666,38.81833333333334,4
2025-04-04,23.0375,77.5,6.108333333333333,0.125,36.38041666666666,4
2025-04-05,25.17083333333333,67.08333333333333,4.704166666666667,0.0,39.19458333333333,4
2025-04-06,26.9375,54.833333333333336,7.462499999999999,0.0,39.77541666666667,4
2025-04-07,27.516666666666666,47.875,10.05,0.0,39.14541666666666,4
2025-04-08,27.48333333333333,44.0,10.379166666666666,0.0,38.77666666666668,4
2025-04-09,27.5375,41.375,9.445833333333333,0.0,39.08916666666666,4
2025-04-10,27.066666666666663,51.79166666666666,7.75,0.0,39.67625,4
2025-04-11,26.191666666666663,56.375,7.491666666666667,0.1958333333333333,38.87125,4
2025-04-12,25.7125,60.333333333333336,5.9875,0.0625,39.047916666666666,4
2025-04-13,26.15,52.958333333333336,5.666666666666667,0.0124999999999999,39.376250000000006,4
2025-04-14,26.554166666666664,54.66666666666666,6.075,0.0291666666666666,39.82375,4
2025-04-15,27.45,45.79166666666666,7.170833333333333,0.0,40.10625,4
2025-04-16,25.4,64.95833333333333,7.158333333333334,0.45,38.404583333333335,4
2025-04-17,27.4125,54.625,5.429166666666667,0.0041666666666666,41.19583333333333,4
2025-04-18,26.3875,64.29166666666667,5.420833333333333,0.0458333333333333,40.35,4
2025-04-19,26.820833333333336,62.41666666666666,5.275,0.0,40.87791666666668,4
2025-04-20,26.554166666666664,64.20833333333333,5.870833333333334,0.0041666666666666,40.38249999999999,4
2025-04-21,27.804166666666664,49.04166666666666,7.483333333333333,0.0,40.60416666666666,4
2025-04-22,28.15,42.91666666666666,9.883333333333336,0.0,39.78750000000001,4
2025-04-23,28.854166666666668,43.79166666666666,8.1,0.0,41.46,4
2025-04-24,29.079166666666666,48.083333333333336,9.166666666666666,0.0,41.54041666666667,4
2025-04-25,28.77083333333333,48.66666666666666,8.275,0.0,41.52541666666666,4
2025-04-26,28.3125,50.41666666666666,9.345833333333331,0.0,40.588750000000005,4
2025-04-27,27.745833333333334,54.333333333333336,8.566666666666666,0.0,40.35958333333333,4
2025-04-28,27.616666666666664,54.41666666666666,7.274999999999999,0.0,40.71249999999999,4
2025-04-29,28.34166666666667,49.04166666666666,8.316666666666666,0.0083333333333333,40.96958333333334,4
2025-04-30,28.70833333333333,46.625,5.879166666666666,0.0416666666666666,42.30041666666666,4
2025-05-01,27.745833333333334,53.125,5.945833333333333,0.0541666666666666,41.3475,5
2025-05-02,26.829166666666666,62.04166666666666,5.579166666666667,0.1208333333333333,40.74833333333333,5
2025-05-03,26.55,61.04166666666666,6.783333333333334,0.3875,39.853750000000005,5
2025-05-04,27.241666666666664,56.958333333333336,7.841666666666666,0.0125,40.125416666666666,5
2025-05-05,27.875,51.083333333333336,5.408333333333334,0.0,41.62833333333334,5
2025-05-06,27.35,50.5,6.775,0.0,40.37,5
2025-05-07,27.59166666666667,47.5,7.070833333333333,0.0,40.41583333333334,5
2025-05-08,26.78333333333333,50.875,7.766666666666667,0.0,39.25541666666667,5
2025-05-09,26.85833333333333,51.75,5.433333333333334,0.0083333333333333,40.330000000000005,5
2025-05-10,26.725,52.79166666666666,6.195833333333333,0.025,39.90375,5
2025-05-11,25.84166666666667,65.41666666666667,6.425,0.3333333333333333,39.29500000000001,5
2025-05-12,25.3125,71.41666666666667,7.033333333333334,0.0499999999999999,38.66375,5
2025-05-13,25.166666666666668,71.58333333333333,6.4875,0.1958333333333333,38.700833333333335,5
2025-05-14,26.241666666666664,68.125,5.295833333333333,0.0666666666666666,40.40208333333333,5
2025-05-15,25.704166666666666,68.95833333333333,6.691666666666666,0.075,39.18666666666666,5
2025-05-16,25.195833333333336,75.33333333333333,6.604166666666667,0.1708333333333333,38.879583333333336,5
2025-05-17,23.22083333333333,86.5,6.820833333333333,1.2958333333333334,36.78375,5
2025-05-18,24.129166666666663,82.625,5.9875,0.3999999999999999,38.10416666666666,5
2025-05-19,23.120833333333334,88.25,5.858333333333333,0.6541666666666667,37.12625,5
2025-05-20,22.5375,90.16666666666669,9.370833333333334,0.5125000000000001,35.05875,5
2025-05-21,22.625,79.5,14.545833333333334,0.3291666666666666,32.56916666666667,5
2025-05-22,23.625,76.91666666666667,13.45,0.0041666666666666,34.178333333333335,5
2025-05-23,23.629166666666663,80.95833333333333,17.020833333333332,0.1291666666666666,32.9575,5
2025-05-24,22.554166666666664,87.16666666666667,20.454166666666666,0.2458333333333333,30.49708333333333,5
2025-05-25,22.516666666666666,88.16666666666667,21.9125,0.3916666666666666,29.915,5
2025-05-26,21.55,90.83333333333331,19.45833333333333,0.5416666666666666,29.773333333333333,5
2025-05-27,22.870833333333334,81.54166666666667,21.15833333333333,0.1333333333333333,30.34583333333333,5
2025-05-28,23.066666666666663,80.58333333333333,21.05,0.1375,30.59583333333333,5
2025-05-29,22.225,86.91666666666667,16.4875,0.3,31.64333333333333,5
2025-05-30,22.1875,87.25,16.3125,0.0583333333333333,31.68125,5
2025-05-31,23.84166666666667,76.875,14.8375,0.0041666666666666,33.90291666666667,5
2025-06-01,24.09166666666667,75.0,13.633333333333333,0.0,34.61583333333334,6
2025-06-02,23.7,76.54166666666667,14.4125,0.0625,33.87208333333333,6
2025-06-03,23.516666666666666,78.91666666666667,13.720833333333331,0.075,34.02916666666667,6
2025-06-04,24.15833333333333,72.875,11.575,0.0208333333333333,35.41958333333333,6
2025-06-05,24.816666666666663,66.875,8.325000000000001,0.0,37.27541666666667,6
2025-06-06,25.78333333333333,64.625,8.416666666666666,0.0083333333333333,38.38291666666667,6
2025-06-07,25.504166666666663,63.41666666666666,9.520833333333334,0.0125,37.517916666666665,6
2025-06-08,25.35,68.33333333333333,9.1,0.525,37.73166666666666,6
2025-06-09,23.745833333333334,78.83333333333333,12.3625,0.0916666666666666,34.86625,6
2025-06-10,23.808333333333334,78.125,11.9625,0.2083333333333333,35.07208333333334,6
2025-06-11,23.1,83.58333333333333,12.941666666666668,0.3041666666666666,34.03249999999999,6
2025-06-12,22.83333333333333,81.375,14.333333333333334,0.0875,33.01875,6
2025-06-13,22.45833333333333,88.16666666666667,14.683333333333332,0.1583333333333333,32.73083333333333,6
2025-06-14,22.47083333333333,84.83333333333333,18.2,0.25,31.17375,6
2025-06-15,21.683333333333334,88.79166666666667,22.1,0.3125,28.78791666666667,6
2025-06-16,22.21666666666667,84.04166666666667,20.1375,0.2083333333333333,30.02875,6
2025-06-17,22.141666666666666,86.45833333333333,16.670833333333334,0.2749999999999999,31.43875,6
2025-06-18,23.09166666666667,82.20833333333333,15.108333333333334,0.0416666666666666,33.08625000000001,6
2025-06-19,23.67083333333333,76.0,16.220833333333335,0.0,33.083749999999995,6
2025-06-20,23.320833333333336,77.875,15.9125,0.0208333333333333,32.84583333333334,6
2025-06-21,23.441666666666663,75.75,16.037499999999998,0.0083333333333333,32.84666666666667,6
2025-06-22,22.933333333333334,79.5,16.366666666666667,0.0916666666666666,32.24166666666667,6
2025-06-23,22.7875,75.83333333333333,19.9375,0.0166666666666666,30.440416666666664,6
2025-06-24,23.21666666666667,75.29166666666667,21.8125,0.0375,30.22125,6
2025-06-25,22.875,79.70833333333333,19.03333333333333,0.3583333333333333,31.109583333333337,6
2025-06-26,23.104166666666668,78.625,18.3375,0.1083333333333333,31.631666666666668,6
2025-06-27,23.04583333333333,76.54166666666667,16.683333333333334,0.025,32.11333333333334,6
2025-06-28,23.175,77.375,16.629166666666666,0.2125,32.34458333333333,6
2025-06-29,23.575,72.125,17.916666666666668,0.0041666666666666,32.08708333333334,6
2025-06-30,23.77916666666667,72.41666666666667,17.275000000000002,0.0416666666666666,32.62375,6
2025-07-01,23.65833333333333,72.95833333333333,17.025000000000002,0.0041666666666666,32.59374999999999,7
2025-07-02,22.641666666666666,81.66666666666667,16.370833333333334,0.4791666666666667,31.969166666666663,7
2025-07-03,22.0,83.125,16.829166666666666,0.1208333333333333,31.024583333333336,7
2025-07-04,23.4625,75.66666666666667,18.54583333333333,0.0666666666666666,31.866250000000004,7
2025-07-05,23.09166666666667,78.75,20.29583333333333,0.1166666666666666,30.83833333333334,7
2025-07-06,23.104166666666668,77.16666666666667,20.2875,0.0833333333333333,30.77875,7
2025-07-07,23.5125,73.95833333333333,20.1375,0.0333333333333333,31.20916666666667,7
2025-07-08,24.25,71.29166666666667,18.60833333333333,0.0166666666666666,32.64625,7
2025-07-09,23.72083333333333,74.29166666666667,16.804166666666667,0.0625,32.83,7
2025-07-10,23.329166666666666,80.625,13.304166666666667,0.2208333333333333,34.0375,7
2025-07-11,22.891666666666666,82.91666666666667,13.266666666666667,0.2083333333333333,33.59833333333333,7
2025-07-12,23.2625,77.91666666666667,14.895833333333334,0.0333333333333333,33.17875,7
2025-07-13,22.829166666666666,82.79166666666667,14.308333333333332,0.3166666666666667,33.094166666666666,7
2025-07-14,22.616666666666664,81.04166666666667,16.370833333333334,0.3666666666666667,31.905416666666667,7
2025-07-15,22.679166666666664,80.375,16.404166666666665,0.1166666666666666,31.94,7
2025-07-16,22.441666666666663,86.83333333333333,12.558333333333332,0.625,33.4925,7
2025-07-17,21.96666666666667,86.83333333333333,13.229166666666666,0.6625,32.60666666666667,7
2025-07-18,22.5875,83.29166666666667,13.116666666666667,0.35,33.281666666666666,7
2025-07-19,21.454166666666666,87.91666666666667,13.420833333333334,0.8916666666666667,31.91791666666667,7
2025-07-20,21.90416666666667,85.41666666666667,14.0125,0.6625,32.14125,7
2025-07-21,21.495833333333334,88.79166666666667,15.070833333333333,0.7791666666666667,31.355833333333333,7
2025-07-22,21.78333333333333,84.75,17.429166666666667,0.3166666666666666,30.584166666666665,7
2025-07-23,21.954166666666666,83.41666666666667,19.104166666666668,0.3416666666666666,30.06958333333333,7
2025-07-24,21.45833333333333,86.66666666666667,19.40833333333333,0.3291666666666666,29.46583333333333,7
2025-07-25,22.025,81.20833333333333,23.004166666666663,0.1625,28.49125,7
2025-07-26,21.90416666666667,83.125,22.066666666666663,0.3999999999999999,28.805000000000007,7
2025-07-27,22.02083333333333,75.95833333333333,20.370833333333334,0.0333333333333333,29.276666666666664,7
2025-07-28,22.40416666666667,76.04166666666667,18.83333333333333,0.0208333333333333,30.39416666666667,7
2025-07-29,22.508333333333336,78.04166666666667,19.2875,0.0458333333333333,30.447916666666675,7
2025-07-30,22.98333333333333,77.20833333333333,17.141666666666666,0.0166666666666666,31.882083333333338,7
2025-07-31,22.8,82.125,13.008333333333333,0.0458333333333333,33.54291666666667,7
2025-08-01,23.183333333333334,79.66666666666667,10.629166666666666,0.0583333333333333,34.870000000000005,8
2025-08-02,23.25,78.625,8.854166666666666,0.0499999999999999,35.61458333333333,8
2025-08-03,22.6875,83.45833333333333,6.720833333333334,0.2458333333333333,35.97833333333334,8
2025-08-04,23.35833333333333,82.58333333333333,5.925,0.3166666666666666,37.12500000000001,8
2025-08-05,22.59583333333333,88.08333333333333,6.9750000000000005,0.4125,35.98875,8
2025-08-06,23.14583333333333,83.08333333333333,8.6,0.0583333333333333,35.803749999999994,8
2025-08-07,23.508333333333336,82.20833333333333,6.8625,0.0916666666666666,36.92625000000001,8
2025-08-08,22.33333333333333,87.33333333333333,4.8125,0.2875,36.475,8
2025-08-09,22.308333333333334,87.25,7.216666666666666,0.4624999999999999,35.476666666666674,8
2025-08-10,21.75,87.04166666666667,9.133333333333333,0.425,33.97375000000001,8
2025-08-11,21.65416666666667,86.58333333333333,11.241666666666667,0.25,32.98291666666667,8
2025-08-12,21.46666666666667,85.83333333333333,13.616666666666667,0.3458333333333334,31.751666666666672,8
2025-08-13,20.32916666666667,93.625,14.683333333333332,0.5541666666666667,30.23583333333334,8
2025-08-14,21.070833333333333,87.375,15.3875,0.1833333333333333,30.60583333333333,8
2025-08-15,21.604166666666668,86.04166666666667,15.8625,0.3666666666666667,31.042500000000004,8
2025-08-16,21.84583333333333,85.54166666666667,16.05,0.2291666666666666,31.25666666666666,8
2025-08-17,21.204166666666666,88.16666666666667,17.912499999999998,0.7416666666666667,29.808750000000003,8
2025-08-18,20.620833333333334,87.54166666666667,18.5125,0.2625,28.77916666666667,8
2025-08-19,21.72083333333333,79.125,20.8125,0.0166666666666666,28.868333333333325,8
2025-08-20,22.116666666666664,78.125,16.291666666666668,0.05,31.14125,8
2025-08-21,22.629166666666663,81.95833333333333,9.129166666666666,0.0083333333333333,34.86416666666666,8
2025-08-22,22.3625,84.625,7.879166666666666,0.1916666666666666,35.15083333333334,8
2025-08-23,22.64583333333333,79.875,9.9875,0.0083333333333333,34.43833333333333,8
2025-08-24,22.875,75.29166666666667,11.4,0.0125,33.94208333333333,8
2025-08-25,22.8125,74.125,10.333333333333334,0.0,34.229166666666664,8
2025-08-26,22.58333333333333,78.08333333333333,13.358333333333334,0.1291666666666666,32.91916666666667,8
2025-08-27,21.691666666666663,86.33333333333333,15.5125,0.7000000000000001,31.31083333333333,8
2025-08-28,21.554166666666664,89.04166666666667,14.820833333333333,0.275,31.544166666666666,8
2025-08-29,22.17083333333333,82.25,14.929166666666667,0.0041666666666666,31.96291666666667,8
2025-08-30,22.7125,82.54166666666667,14.854166666666666,0.1666666666666666,32.71166666666667,8
2025-08-31,22.241666666666664,85.29166666666667,13.9875,0.4166666666666667,32.583749999999995,8
2025-09-01,22.258333333333336,80.25,14.8125,0.1791666666666666,32.02333333333334,9
2025-09-02,21.945833333333336,83.375,15.5875,0.25,31.46333333333334,9
2025-09-03,21.525,88.04166666666667,14.379166666666668,0.2333333333333333,31.63291666666667,9
2025-09-04,22.2,83.375,13.320833333333333,0.1125,32.70041666666667,9
2025-09-05,22.704166666666666,81.375,10.583333333333334,0.0541666666666666,34.350833333333334,9
2025-09-06,22.5375,83.83333333333333,10.191666666666666,0.1416666666666666,34.41374999999999,9
2025-09-07,22.954166666666666,80.125,10.016666666666667,0.0708333333333333,34.84,9
2025-09-08,23.416666666666668,75.5,7.904166666666666,0.0416666666666666,36.05500000000001,9
2025-09-09,23.766666666666666,77.29166666666667,4.183333333333334,0.0666666666666666,38.087916666666665,9
2025-09-10,22.7375,83.58333333333333,6.625,0.3791666666666666,36.08791666666667,9
2025-09-11,22.516666666666666,78.5,9.541666666666666,0.0,34.379999999999995,9
2025-09-12,22.891666666666666,75.0,8.720833333333333,0.0166666666666666,35.02083333333333,9
2025-09-13,23.15416666666667,76.08333333333333,8.8375,0.05,35.36958333333334,9
2025-09-14,23.02916666666667,74.83333333333333,9.2875,0.0,34.96458333333334,9
2025-09-15,23.195833333333336,77.375,10.620833333333334,0.0916666666666666,34.775000000000006,9
2025-09-16,22.3625,84.75,8.875,0.1875,34.758750000000006,9
2025-09-17,22.02916666666667,87.66666666666667,8.75,0.4624999999999999,34.52125,9
2025-09-18,22.03333333333333,87.125,10.445833333333333,0.6958333333333333,33.82125,9
2025-09-19,21.14583333333333,89.875,10.366666666666667,0.2583333333333333,32.836666666666666,9
2025-09-20,21.77916666666667,86.79166666666667,10.254166666666666,0.6750000000000002,33.55083333333334,9
2025-09-21,22.3625,83.16666666666667,9.995833333333334,0.1583333333333333,34.23125,9
2025-09-22,22.47083333333333,80.875,12.179166666666667,0.0458333333333333,33.38416666666667,9
2025-09-23,21.741666666666664,85.45833333333333,13.4625,0.35,32.15208333333332,9
2025-09-24,21.6,83.70833333333333,13.258333333333333,0.1458333333333333,31.96208333333333,9
2025-09-25,22.09166666666667,83.29166666666667,13.683333333333332,0.3541666666666667,32.41041666666668,9
2025-09-26,22.3125,76.66666666666667,16.004166666666666,0.0458333333333333,31.43791666666667,9
2025-09-27,22.1625,80.25,18.6125,0.1166666666666666,30.37875,9
2025-09-28,22.916666666666668,77.125,17.841666666666665,0.0583333333333333,31.51125,9
2025-09-29,22.675,74.75,17.245833333333334,0.0166666666666666,31.31666666666667,9
2025-09-30,23.2,71.41666666666667,15.758333333333333,0.0041666666666666,32.4275,9
2025-10-01,23.695833333333336,72.125,12.879166666666668,0.0999999999999999,34.25916666666667,10
2025-10-02,23.183333333333334,77.125,11.7375,0.1291666666666666,34.29958333333334,10
2025-10-03,23.695833333333336,77.16666666666667,7.720833333333334,0.5916666666666667,36.57458333333334,10
2025-10-04,22.15833333333333,84.125,5.6625000000000005,0.2125,35.74708333333333,10
2025-10-05,23.125,74.5,8.583333333333334,0.175,35.35416666666667,10
2025-10-06,23.070833333333336,72.5,7.462499999999999,0.0625,35.63208333333334,10
2025-10-07,23.85833333333333,70.375,5.495833333333334,0.0375,37.33625000000001,10
2025-10-08,22.98333333333333,79.45833333333333,3.6166666666666663,0.5375,37.404583333333335,10
2025-10-09,22.6,84.875,4.895833333333333,1.6458333333333333,36.66541666666667,10
2025-10-10,22.5,84.08333333333333,7.016666666666667,0.6375000000000001,35.6475,10
2025-10-11,22.55,76.625,6.9125000000000005,0.05,35.38125,10
2025-10-12,23.054166666666664,71.0,7.529166666666666,0.0,35.50874999999999,10
2025-10-13,23.129166666666663,76.375,8.387500000000001,0.0041666666666666,35.531666666666666,10
2025-10-14,23.245833333333334,79.45833333333333,8.7125,0.2416666666666666,35.7075,10
2025-10-15,22.504166666666663,85.33333333333333,9.995833333333334,0.0875,34.52375,10
2025-10-16,22.554166666666664,85.625,12.4875,0.1625,33.606666666666655,10
2025-10-17,22.116666666666664,87.54166666666667,11.841666666666669,0.2083333333333333,33.39208333333333,10
2025-10-18,21.65833333333333,89.20833333333333,8.779166666666667,0.7374999999999999,34.10458333333332,10
2025-10-19,22.58333333333333,85.91666666666667,6.433333333333334,0.8291666666666667,36.08083333333333,10
2025-10-20,22.3,86.375,9.575,0.1291666666666666,34.478750000000005,10
2025-10-21,21.39583333333333,90.375,11.870833333333332,0.3416666666666666,32.584999999999994,10
2025-10-22,21.454166666666666,91.5,10.9375,0.9541666666666668,33.09041666666667,10
2025-10-23,22.241666666666664,83.29166666666667,8.700000000000001,0.0458333333333333,34.598749999999995,10
2025-10-24,21.975,82.08333333333333,10.354166666666666,0.0041666666666666,33.53,10
2025-10-25,22.92083333333333,77.58333333333333,8.241666666666667,0.0,35.379583333333336,10
2025-10-26,22.929166666666664,79.375,6.770833333333333,0.0166666666666666,36.06833333333333,10
2025-10-27,21.3125,89.04166666666667,11.6625,0.1916666666666666,32.49333333333333,10
2025-10-28,21.320833333333333,84.5,15.2125,0.0208333333333333,30.857083333333332,10
2025-10-29,21.85,79.08333333333333,16.641666666666666,0.0041666666666666,30.7025,10
2025-10-30,21.98333333333333,76.41666666666667,12.083333333333334,0.0,32.56583333333334,10
2025-10-31,22.291666666666668,71.33333333333333,8.466666666666667,0.0,34.159166666666664,10
2025-11-01,23.0625,68.66666666666667,5.55,0.0,36.19458333333333,11
2025-11-02,23.075,72.875,6.425,0.0,36.07125,11
2025-11-03,23.075,70.95833333333333,6.841666666666666,0.0,35.80875,11
2025-11-04,22.3875,78.41666666666667,8.5,0.0041666666666666,34.624583333333334,11
2025-11-05,22.491666666666664,80.45833333333333,6.2250000000000005,0.225,35.77208333333333,11
2025-11-06,21.941666666666663,80.58333333333333,7.8,0.0416666666666666,34.43333333333334,11
2025-11-07,22.5375,74.95833333333333,6.2375,0.025,35.55166666666666,11
2025-11-08,21.97083333333333,64.45833333333333,9.316666666666666,0.0,33.05833333333333,11
2025-11-09,21.579166666666666,54.333333333333336,7.958333333333333,0.0,32.58624999999999,11
2025-11-10,22.554166666666664,61.333333333333336,5.966666666666666,0.0,35.000416666666666,11
2025-11-11,22.933333333333334,68.0,6.829166666666667,0.0,35.48166666666667,11
2025-11-12,23.04583333333333,72.25,9.591666666666669,0.0041666666666666,34.735416666666666,11
2025-11-13,23.116666666666664,72.625,9.729166666666666,0.0249999999999999,34.79125,11
